"OpenWrt", "LEDE", "Title";
"a5cdb65606", "          ", "hostapd: bump PKG_VERSION";
"78266a96f2", "2f701194c2", "mac80211: backport kernel fix for CVE-2017-13080";
"bf20ba5270", "          ", "wireguard: simple version bump";
"d905adef83", "699c6fcc31", "wireguard: add wireguard to base packages";
"1576a0b777", "          ", "hostapd: fix WPA packet number reuse with replayed messages and key reinstallation";
"053afb8064", "67ac017fef", "dnsmasq: bump to v2.78";
"48caaaa784", "          ", "tcpdump: upgrade to 4.9.2";
"c897599729", "c22255e50e", "tcpdump: fix tcpdump-mini build on glibc 2.25";
"106ce7ccb7", "911331ad0f", "tcpdump: Update to 4.9.1";
"c4e5142567", "985c90d102", "tcpdump: update to version 4.9.0";
"3c8f396c35", "b9ddf3098b", "tcpdump: reduce size of -mini by removing more infrequently used protocols";
"49679484ee", "          ", "tcpdump: update to 4.8.1";
"b4480bf796", "6e10fc74fd", "dropbear: bump to 2017.75";
"46d82e4930", "0bf85ef048", "dropbear: enable SHA256 HMACs";
"ced9fad6a2", "96f0bbe91d", "dropbear: hide dropbear version";
"ed8b30c97f", "ca79337306", "dnsmasq: forward.c: fix CVE-2017-13704";
"5d12b179cc", "1fe41c4089", "dnsmasq: bump to 2.77";
"6b23479711", "43cc399871", "dnsmasq: bump to 2.77rc5";
"ad5f53cdea", "591755ad1a", "dnsmasq: make NO_ID optional in full variant";
"13c5124e8b", "03cd416795", "dnsmasq: Don't expose *.bind data incl version";
"fc0f71e077", "deef71375c", "dnsmasq: bump to 2.77rc3";
"7496bbc4f0", "b65c619d02", "dnsmasq: bump to 2.77test5";
"e81fc73fa0", "2c8cb0c572", "dnsmasq: bump to dnsmasq v2.77test4";
"f1aca726f2", "          ", "dnsmasq: bump to dnsmasq v2.77test3 New test release (since test1) includes 2 LEDE patches that are upstream and may be dropped, along with many spelling fixes.";
"2b616837b1", "3bef96ef18", "dnsmasq: update to dnsmasq 2.77test1";
"10a8b769ea", "e0b241bb48", "scripts/download.pl: Use CDN for kernel downloads";
"aef6a4154e", "          ", "ca-certificates: bump to 20161130+nmu1";
"c15bd8d6ee", "3f0d3d12da", "samba: fix CVE-2017-7494";
"9fb1348a0a", "          ", "packages: lzo: Update LZO Makefile to repair dead Main URL";
"df384cfeb6", "          ", "ar71xx: add support for TP-Link 1043ND v4";
"d87bf96698", "          ", "firmware-utils: add support for TL-WR1043NDv4 to mktplinkfw/tplink-safeloader";
"c52dd0b955", "eaf3fef946", "ccache, samba36: fix samba.org addresses to use https";
"95f55ebf25", "66a62b8966", "tools: do not apply ccache dependency to xz";
"728e3a8700", "27950ddc0e", "tools: xz: force building without ccache";
"2a726740a3", "720f8eb18e", "ccache: disable assembler support, it breaks kernel initramfs images";
"c3b0878ae9", "792e8bc8bb", "tools/ccache: Update ccache 3.3.2 and refresh patch";
"5bf7769429", "d723f2573a", "libnl-tiny: remove include/linux overrides to fix various build issues";
"4df0f11a8f", "          ", "ramips: default profile for rt288x images";
"3576b07567", "21b4625135", "ramips: add ip17xx support to WLI-TX4-AG300N";
"191e4a7607", "29097b95ba", "ramips: fix WLI-TX4-AG300N boot and network";
"908266d621", "d45f81d7b1", "kmod-sched-core: Add HTB and TBF traffic shapers";
"6ec32832d2", "          ", "uhttpd: enable certificate creation with OpenSSL";
"590aff31b2", "23147dd43a", "iproute2: Add support for cake qdisc";
"d6a9aa160e", "          ", "kmod-sched-cake: Add CAKE AQM/Shaper";
"8117cd03c0", "          ", "xtables-addons: bump to 2.12";
"0aedb52af9", "          ", "gpio-ich/itco-wdt/w83627hf-wdt: add modules for Xeon platforms";
"97ff3a3fb8", "          ", "hwmon-coretemp: add thermal monitor for Core/Core2/Atom";
"315a7bb657", "          ", "hwmon-nct6775: add thermal monitor for nct6775/6776, et al";
"b4cb3951f2", "          ", "kmod-mdio: fix extra closing paren in AUTOLOAD definition";
"12dfe0506e", "6a5cc2d085", "include/package.mk: sync default value for hash fallback with mirror hash";
"41bc960acf", "ffb0181a87", "build: add defaults for PKG_SOURCE, PKG_SOURCE_SUBDIR, PKG_VERSION";
"5870851163", "881c5b47ec", "build: remove duplicate Download/default definition from include/host-build.mk";
"00cf92d561", "7416d2e046", "build: replace MD5SUM variables with HASH";
"4f997727ae", "          ", "lantiq: td-w8980: fix failsafe mode via ethernet. fix failsafe-mode access for TD-W8980 via ethernet.";
"04b46e6eb9", "8312738806", "ramips: fix PSG1218 LEDs";
"97d79eac84", "dce5c4f5c8", "ramips: Add support for Phicomm K2 PSG1218";
"6a60f8a58e", "          ", "musl: bump to 1.1.16";
"3c34aded57", "          ", "firewall: bump to 2016-11-29";
"43b662f2be", "          ", "ixgbe: fix missing symbol CONFIG_IXGBE_VXLAN when building";
"aac4a5b6e9", "          ", "ar71xx: add support for Anonabox Pro";
"84a53c61ed", "          ", "lantiq: Fix for wbmr300 network settings";
"0e560cad0a", "          ", "ixgbe: kmod packaging for Intel 10G ethernet ixgbe driver";
"39871a3668", "          ", "sunxi: Added profile for HAOYU Electronics Marsboard A10";
"f5c2acdaef", "          ", "docs: Fix few typos";
"44ba528afc", "          ", "tools/expat: Upgrade expat to 2.2.0 (support aarch64)";
"52b0b6ea7a", "          ", "sunxi: uboot-sunxi: update to 2016.11";
"0abc3fa5a9", "          ", "Mvebu: update armada-385-linksys-rango.dts";
"37c487ed70", "          ", "ar71xx: Package set optimized for the DomyWifi DW33D";
"0b394dd2f5", "          ", "netifd: bump to 2016-12-09";
"6c2ca35fdf", "7a5257654c", "modules: Add kmod-igbvf kernel module for Intel(R) 82576 Virtual Function Ethernet adapters";
"4e4786139f", "          ", "opkg: sync with current patchlevel at lede-project";
"659257b375", "89817614bb", "netifd: Request DHCP option 121 (classless route) by default";
"bca0ff8241", "6ae71708c9", "ca-certificates: update to version 20161130";
"2dcdb55d05", "          ", "x86_64: Add kmod-igb as a default package";
"2139791dc5", "c115058669", "libubox: update to the latest version";
"4492f32c79", "21cb84435a", "ar71xx: Added missing support for Linksys E2100L";
"9e2f8fa1e5", "7a58972680", "uboot-sunxi: fix default config for OLIMEX A13 SOM (FS#239)";
"d7af3897ac", "          ", "packages: kmod-ipsec: Add kmod-crypto-echainiv as a dependency of kmod-ipsec.";
"1a893cf563", "be7f2abb60", "iperf: used an updated renamed tarball instead of main upstream URL";
"4999685ea2", "98206cb9c6", "iperf: add -lm to fix build with newer glibc";
"2cfc46efea", "b0dcb6bfed", "iperf: drop PKG_BUILD_DIR override";
"153e1e9abf", "          ", "kernel: spidev-test: moved to tools/ in Linux 4.5";
"f419bd8895", "          ", "conntrack-tools: bump to 1.4.4";
"6b5ee07a48", "          ", "libnetfilter-conntrack: bump to 1.0.6";
"46e8df5ea7", "32cfd3bd50", "arptables: bump to 2015-05-20";
"dab6431239", "          ", "ca-certificates: bump to 20161102";
"69a8f8c0fc", "          ", "nettle: update to 3.3 and enable fat build";
"8d8f164d45", "          ", "nftables: version bump to 0.6";
"2e7989d294", "          ", "libnftnl: version bump to 1.0.6";
"dc5d9e714a", "          ", "iptables: kernel: drop custom extension xt_id";
"fc04815ddc", "          ", "firewall: bump to 2016-11-06";
"f50b355db7", "f97ad870e1", "squashfs4: use upstream xz compression header format";
"f8909d81c4", "          ", "openssl: fix cryptodev config dependency";
"f82167bc4d", "          ", "ar71xx: reduce cpuload and flickering on devices using rsslieds";
"fc1cd99cfe", "98010ab489", "kernel: remove ocf support, cryptodev-linux should be used instead";
"2f80e9df81", "3d6d5ccf59", "openssl: replace ocf-crypto-headers with a header file from cryptodev-linux";
"10afd6a45f", "          ", "e2fsprogs: Fix setting of host compiler";
"23e46f1c2a", "          ", "kernel: kmod-crypto-iv dropped in Linux 4.8";
"8ad3f44dce", "82aa061251", "kernel: remove echainiv.ko from kmod-crypto-iv";
"6247555ee2", "b7f7e9fe42", "include/host-build.mk: use STAGING_DIR_HOSTPKG";
"390e156a85", "d7bec5609c", "rules.mk: add STAGING_DIR_HOSTPKG variable";
"55d5f26bcd", "          ", "musl: fix quoted time zone name handling";
"7862d74a17", "          ", "generic/4.4: add fix for CVE-2016-5195";
"1cb9409df2", "          ", "generic/4.1: bump kernel to 4.1.35";
"f14d3f5d46", "          ", "generic/3.18: bump kernel to 3.18.44";
"5e150bb249", "b760afa09a", "lantiq: danube fxs bugfix: changed compatible attribute of vmmc";
"7c21870f85", "7ba9a3a504", "ar71xx: Add support to DomyWifi DW33D";
"ce116bc6f9", "          ", "mvebu: bugfixes for rango";
"67d3ba0c7c", "          ", "mwlwifi: install the 88W8964 firmware, too";
"c718b120e0", "          ", "kernel: add tpm support";
"50e627ac06", "3764caa934", "mvebu: add support for the Linksys WRT3200ACM (Rango)";
"2055b43f78", "5da412bf80", "mwlwifi: upgrade to 10.3.2.0-20161013";
"f9fc9c242f", "          ", "hostapd: add interoperability workaround for 80+80 and 160 MHz channels";
"a709937307", "          ", "Revert ""kernel: bump 4.1 to 4.1.30""";
"4acd4da998", "          ", "Revert ""kernel: bump 3.18 to 3.18.39""";
"9c840109de", "83997146e7", "ar71xx: disable flow control to the built-in switch on AR934x";
"6184baa842", "be08fdd007", "ar71xx: disable pdata->use_flow_control for QCA9558";
"57c614a45b", "75b2105cd3", "ar71xx: rename ethernet pdata->builtin_switch to use_flow_control";
"5a779cdbb3", "1beb5bec64", "ar71xx: enable flow control for ethernet MACs with built-in switch";
"f16bdf493f", "7c02ecdd35", "Revert ""ar71xx: enable flow control for ethernet MACs with built-in switch""";
"c735d4e3ca", "          ", "omcproxy: update to git HEAD";
"f9794d4da0", "          ", "odhcpd: update to git HEAD";
"ecadb4217f", "          ", "odhcp6c: update to git HEAD";
"c2d29a51e5", "          ", "netfilter,iptables: add optional CHECKSUM module";
"8bd198f171", "ec041920b7", "include/package-ipkg.mk: use TARGET_PATH_PKG in Package/*/install steps";
"8c658e15cc", "cb718eb34b", "include/host-build.mk: set Host/Exports for Host/Install step";
"69ae4b5e66", "4ada2fd276", "include/host-build.mk: fix ACLOCAL_INCLUDE";
"7d7858f6f1", "7064a849ce", "include/host-build.mk: pass HOST_BUILD_PREFIX to Host/install";
"6eb5baaa47", "4cc2d159bc", "gemini: rename config-default to config-4.4";
"ca447f00dc", "df04723478", "gemini: rename patches directory to patches-4.4";
"dbd3e81d69", "30cd012860", "gemini: delete 3.18 support";
"4c70e54c07", "58df34b5e1", "gemini: drop Linux 4.1 support";
"d41ac5fd97", "859693509f", "image.mk: use LINUX_KARCH rather than ARCH for mkits";
"823f6dd12f", "4ab33a3002", "brcm63xx: fix CT-536p/CT-5621T support";
"5d91613a4e", "cea917c30b", "brcm63xx: fix HG556a C button";
"62e4b4f622", "eae812ddb6", "brcm63xx: fix image generation with offsets/blocksizes != 64K";
"ab45e1aa2a", "0bed85bbca", "brcm63xx: fix CVG834G compatible string";
"2933b2f122", "b1f39d3d7e", "openssl: update to 1.0.2j";
"6faa54673d", "91362e7aa4", "strace: bump to 4.13";
"ce94d58d8e", "f2220bc1fe", "perf: disable libcrypto dependency";
"3f36cfced2", "012873074f", "perf: drop sched_getcpu wrapper";
"7f5b1dbcd6", "a88fc0db9d", "xtables-addons: add missing dependency";
"bd1c3202a0", "652ac2c6fd", "xtables-addons: update to 2.11";
"8c0660aa00", "ef6d6661e2", "ncurses: install a dummy libtinfo.a for packages that try to link it";
"c1858411e0", "9816d2f5f5", "musl: update musl to version 1.1.15";
"428ee42cba", "3e5b50a8a7", "musl: remove sh3 workaround";
"b793e4fe16", "          ", "Enable nand for mt7621";
"83767cf94f", "          ", "kernel: bump 3.18 to 3.18.39";
"b64bf61d96", "          ", "ipq806x: squash dts makefile patches into one";
"5d9c3170ca", "          ", "ipq806x: fix r7800 dts name in image makefile";
"81feceaa26", "          ", "gemini: add 4.4 support";
"31fa21bcdc", "          ", "ipq806x: forgotten r7800 dts rename in patch";
"6320398fe1", "          ", "ipq806x: Build image for Netgear Nighthawk X4 7500v2";
"231ef70f45", "          ", "kernel: bump 4.1 to 4.1.30";
"0cd3fc8f47", "2ebb4733e1", "kernel: add kmod-squashfs";
"470ebc51b8", "11d47e615b", "libubox: update to the latest version, adds a few utility functions";
"dd9c4ab471", "          ", "ath10k-firmware: fix QCA9984 board file loading";
"5eb2bdd175", "          ", "mac80211: add QCA9984 related patches and fixes";
"5a17ceb0ab", "9dc367e6f0", "ipq806x: fix ipq8065 s2a/s2b regulator frequency (fixes ethernet performance)";
"6838692737", "          ", "ipq806x: Netgear R7800 is ipq8065, rename dts";
"d6c4db5f9b", "c8580f51ba", "u-boot-envtools: fix building with glibc";
"c730772eb9", "a77ce8ba96", "libs/gmp: update to 6.1.1";
"321c35eaa3", "3d20f56c13", "tools/gmp: update to 6.1.1";
"831006d0b6", "5216af7b05", "tools/scons: update to 2.5.0";
"b5b36bb86e", "a247e26a7e", "tools/cmake: update to 3.6.1";
"39386db0f4", "4e8c6f3407", "dropbear: security update to 2016.74";
"427c57cc60", "eed30bc869", "procd: update to the latest version";
"eeb010f910", "86c0a569f4", "fstools: update to latest HEAD";
"4021764eff", "c9e3cd798d", "fstools: update to latest git HEAD";
"e2db7aa009", "5dc80cbcff", "fstools: update to latest git version";
"5d61a55d62", "c9e3cd798d", "fstools: update to latest git HEAD";
"b07ea5a19d", "b15f41d4d6", "ugps: update to latest git HEAD";
"fcda99f044", "bafeb90745", "iperf3: update to version 3.1.3";
"11c03bbef1", "9cbb51ff8c", "iperf: update to version 2.0.9";
"a4d62c261c", "bdf9243c1b", "cyassl: update to wolfssl version 3.9.6";
"2cb4884183", "7d38128f6a", "curl: update to version 7.50.0";
"c2eff9bbe3", "          ", "network/services/uhttpd: Add Basic Auth config";
"d175c09bea", "f76f83de71", "mwlwifi: upgrade to 10.3.0.18-20160804";
"55ac1fa751", "          ", "brcm2708: Reverting git commit a194e83f16b05240184f58b709152fb840cf00f7";
"84cdf81fd4", "          ", "zynq: add xilinx devcfg char driver support";
"2251e0a163", "          ", "zynq: add usb support for Zedboard";
"cd91ba788b", "          ", "generic/4.4: backport virtio_ring patch for reverting weak barriers patch";
"2be862b6fc", "          ", "bcm53xx: fix simplified image building code";
"019be77f6b", "          ", "sunxi: add support for Orange Pi 2 (H3)";
"e2684a47b5", "          ", "packages: uboot-sunxi: add support for Orange Pi 2";
"0881b27ea0", "122a7021a9", "ubox: update to the latest version, fixes lsmod output";
"c3dca81f1e", "9ba0dc602f", "ubox: update to latest git HEAD";
"71685f8fe2", "9ba0dc602f", "ubox: update to latest git HEAD";
"57a898bcfa", "          ", "Increase the default system log buffer size from 16 kB (default both in logd source and in the startup script) to 64 kB by adjusting the default value in startup script.";
"0221021329", "c940ccedd8", "bcm53xx: image: don't suppress ""mv"" command echoing";
"7b8ae82273", "b3b797076e", "bcm53xx: simplify image building code";
"2b2849c765", "dbc416b6ec", "bcm53xx: remove duplicate template data from the image makefile";
"934a1d6b67", "fac693441f", "bcm53xx: fix kernel config after USB2 PHY driver backport";
"a20937630c", "1692c71564", "bcm53xx: use upstream fix simplifying USB power GPIO usage";
"46ef205da0", "c74c227e5b", "bcm53xx: backport driver for Northstar's USB 2.0 PHY";
"a734975474", "e71fffed64", "bcm53xx: backport BCM5301x patches from 2016-07-06";
"663d304336", "eaf0d22421", "bcm53xx: calculate Seama MD5 using content of kernel partition";
"246eb4a081", "3c014dc306", "Revert ""bcm53xx: use uncompressed zImages""";
"9afe0c1ec5", "754565a84b", "netifd: update to the latest version";
"ea3d5f4d86", "99e5bec2c6", "netifd: quote vendorid and hostname variables in dhcp script";
"5d4d8dd2b6", "f9a3123bbf", "netifd: Remove hardcoded DHCP release option";
"0d4e2cc83f", "9b05d3aa8e", "strace: update to version 1.12";
"28da8b7040", "0f4a337b31", "toolchain/binutils: add 2.26.1";
"a30f33a7d4", "dc8da205cb", "tools/isl: bump to 0.17.1";
"f14d34e473", "d43075710b", "mbedtls: fix missing mbedtls_time_t bug in mbedtls 2.3.0";
"4d1eac91fb", "05cc72944c", "mbedtls: update to version 2.3.0";
"4441c126df", "bd20cb272e", "polarssl: update to version 1.3.17";
"b33863337a", "d06b68fe83", "tools: padjffs2: add option to output padding data to stdout";
"2244efe230", "055ba75f92", "linux/archs38: Add wireless AP capabilities similarly to axs101";
"6f5e1cc051", "2005732ea7", "linux/archs38: Disable USB 2.0";
"fadd93e262", "3dded42f05", "iftop: fix mac address display";
"9f29d3e5af", "527696674a", "igmpproxy: logging options - make work & improve";
"1fd7e5d65e", "07e8cfed8a", "mwlwifi: Update to latest version";
"9a68b385f2", "2c9c998b4a", "mwlwifi: remove the a-mpdu failure messages entirely instead of hiding them in the debug log";
"bf389e7b99", "4926e4b1ae", "mwlwifi: fix excessive logspam if starting a BA session fails";
"957808eb4f", "29ad4d2a0c", "mwlwifi: fix excessive use of busy-waiting that was tripping up the flash driver";
"4fbcf30db6", "ab5e07f731", "mwlwifi: update to 10.3.0.17-20160520-1";
"38813174b2", "bcb1d9399f", "valgrind: update to the latest version, fix build issues on ARM";
"6567a9614b", "c1c49d9456", "prism54-firmware: change prism54/p54-firmware package versioning";
"677e743ac2", "ffcae8b494", "prism54-firmware: add also other p54 firmware to own package";
"e9799ea22d", "37fa64a6c5", "firmware: extract prism54-firmware into own package";
"c95a6218b0", "          ", "packages: uboot-lantiq: refresh patches to account for easybox904";
"138f0748e9", "          ", "packages: uboot-zynq: use dtc in kernel";
"993f11c498", "8998dc14a5", "brcm2708: fix SUBTARGET checks for bcm2709/bcm2710";
"2268ee8e1f", "          ", "zynq: add sdcard image generation support when board profile is selected";
"4d133a7c63", "          ", "tools: build dosfstools and mtools for zynq";
"951b300fcd", "          ", "packages: uboot-zynq: bump uboot-zynq to 2016.07";
"53d8dd8099", "70b4e46804", "e2fsprogs: fix build on OS X systems";
"e8c405b204", "          ", "kernel: bump 4.1 to 4.1.27";
"858fc3b24b", "          ", "packages: usign: update datecode to indicate correct year";
"c2ca1d9bcf", "1e9c066595", "ustream-ssl: update to latest git HEAD";
"0724fee052", "f02184cbcf", "ubus: update to latest git HEAD";
"cc48d5b372", "          ", "rpcd: update to latest git HEAD";
"ec14b77499", "94cc41632e", "procd: update to latest git HEAD";
"e9ffbba58e", "2a8bb46294", "jsonfilter: update to latest git HEAD";
"772126288c", "21fa645f7a", "uci: update to latest git HEAD";
"76494dc9d0", "cbf6bc296f", "usign: update to latest git HEAD";
"a6fa07637b", "d643ee0260", "umbim: update to latest git HEAD";
"74264ec488", "1a06dc6dc2", "libubox: update to latest git HEAD";
"76cbb843d4", "          ", "mac80211: brcmfmac: fix interfaces management";
"b2b38957e6", "          ", "mac80211: refresh brcmfmac patches";
"531be44616", "          ", "mac80211: brcmfmac: backport changes from 2016-06-29";
"64d9b874bc", "          ", "mac80211: brcmfmac: rename patches from commit fixing P2P";
"0b29dabf24", "          ", "mac80211: brcmfmac: fix lockup related to P2P interface";
"feb932e95b", "          ", "packages: fix nvram makefile";
"9f5894383a", "          ", "kernel: bump 3.18 for the remaining targets to 3.18.36";
"7ad58fce97", "          ", "kernel: add missing symbol for 4.4";
"3b683f504f", "323d37cbb6", "arm64: update to linux 4.4";
"203a7ed314", "c115058669", "libubox: update to the latest version";
"2c3b84e7d2", "0d476971f2", "kernel: define CONFIG_CPU_THERMAL in kmod-thermal";
"8d578a2286", "1050a609cf", "nvram: install init.d quirks script on brcm47xx only";
"95f18e501a", "638a5682e1", "kernel: remove bogus CONFIG_LOG_BUF_SHIFT overrides";
"9edac5e786", "0cc58a0f98", "conntrack: enable support for netfilter conntrack zones";
"7ead4f423b", "c4879556fe", "kernel: fix dependency chain of kmod-igb";
"1959e15ac0", "442ff3b34d", "busybox: run sysntpd at higher priority";
"7e5059d41d", "44b82ab77a", "libiconv-full: add license tag";
"402c737c34", "5ac43d6ec2", "px5g: add license tag";
"6a2f68d8c5", "c7d6a924ac", "usbutils: add license tag";
"24986a1cf8", "872075c761", "elfutils: remove unrecognized config option";
"59087725fb", "75dc12dac1", "libpcap: remove unrecognized configure options";
"8852da8090", "5d8ece87a4", "util-linux: fix scanf fallback detection for uClibc-ng";
"e6286ceebc", "d84bf324ba", "ustream-ssl: update to the latest version, adds cyassl/wolfssl fixes";
"facc1e8bd0", "9b118cde89", "wolfssl: enable openssl 1.0.1 compatibility";
"7e6ca2d317", "987f14ab23", "libunwind: initial version 1.1";
"f51dd01ca6", "df18b3756f", "scripts: feeds: fix version detection for Make >= 4.2.1";
"a935e22d06", "96db107524", "tools/cmake: fix parallel build with Make 4.2+";
"347143af0d", "6fb212f293", "build: don't add -j for parallel builds with Make 4.2+";
"d960c74401", "ee613097be", "tools: patch-image: Added optional size option";
"50c4176f73", "cb7aa4b1fe", "ebtables: fix segmentation fault due to uninitialized extension data";
"f9880b4863", "bf32177a1d", "kernel: remove full cache flush in fuse_copy_do() for MIPS";
"95748269d0", "dc140e00a9", "kernel: fix missing break in ubi auto-mounting patch";
"f65e79e4b7", "2abb02419d", "kernel: remove one of two patches deactivating broken vdso support on mips";
"03baedb15d", "3ee278c5c9", "package/kernel: Enable XATTR by default";
"088909cc1a", "d635ef50c5", "e2fsprogs: fix build problem with very old libmagic";
"2466fafa89", "ecbc138343", "odhcp6c: Upstep to latest version";
"ce54bf6701", "52836866c9", "kirkwood: add missing kernel symbol";
"bd95bc6be6", "          ", "packages: make virtio-pci actually depend on PCI_SUPPORT";
"c21ed6670b", "          ", "kernel: add missing symbol for 4.4";
"00a2f59f5f", "          ", "kernel: add missing symbols into 3.18 and 4.1";
"5a3b3a10c1", "          ", "packages: add kernel version dependency for bmp085 module";
"8110af7e28", "          ", "ca-certificages: Add certificate bundle for packages that need it";
"dd33f253ba", "37cfc23cb7", "kernel: require admin permissions for swconfig set operations";
"94a986d88f", "442db0d6d8", "kernel: deny swconfig set requests for unprivileged users";
"8207cd3298", "dd182011e1", "swconfig: improve failure reporting";
"c7789efa7f", "9e45f9d63c", "polarssl: enable AES-GCM and CAMELLIA-GCM ciphersuites";
"f0b59b4b85", "5610afe203", "sparse: update to support llvm 3.5.0";
"37a548cd64", "8bd02b1381", "strace: add option for enabling stack trace support";
"222a02bc6f", "5a5934f0c2", "tools/mkfwimage2: remove 256 length limit for partition images";
"dadb001958", "be74158102", "kernel: replace SMP cacheflush fix with some patches from linux-mti.git";
"7036d553c6", "eed2f24c0d", "kernel: fix mips MT_SMP kernel crash on cache flush";
"979069b75b", "e6d3899ddc", "kernel: add support for uncompressed zImage on ARM";
"1394bc75ac", "af1791964d", "kernel: add common config symbols";
"89b0e67bae", "1830c31632", "mvebu: Configure status LED for WRT1900ACS";
"5e2a11f9b7", "13ea815b6c", "mvebu: add a patch to deal with excessive latencies/delays during flash PIO command processing";
"afc13094ba", "35782e104a", "mvebu: configure switch on WRT1200AC and WRT1900ACv2/S";
"852e45af41", "df98acc6a1", "mvebu: backport upstream ethernet driver improvements and enable buffer manager support";
"b891669e69", "848cacb21d", "mvebu: fix device I/O coherency issues";
"202b2a307c", "a080b10331", "mvebu: correct patch name of the crypto sram fix";
"fce36406d4", "629636dd25", "mvebu: fix bus ranges for the crypto processor sram";
"87d7a2f643", "22cc151e93", "mvebu: tune kernel config for performance";
"d818da7f77", "f849c2c832", "mvebu: enable core drivers in the kernel config instead of packaging them";
"a1f8d57803", "a5a3b59bf5", "mvebu: add some more flash driver fixes";
"1c81909560", "008579f2ff", "mvebu: rename recently added flash driver fix";
"3259ed3ad2", "f0dd81043c", "mvebu: prevent crash in the flash driver in case of a spurious interrupt";
"cdd4cf1b24", "24b8d31bad", "mvebu: update to linux 4.4";
"e227836ddc", "8eab383782", "mvebu: fix portability issues in the image makefile code";
"1fe108f79f", "566343246f", "mvebu: backport an upstream NAND flash driver fix";
"40b0a3e25c", "9493613e94", "linux-firmware: fix md5sum";
"b84356273b", "2ca4fa5feb", "rtl8192su-firmware: move firmware to own package";
"cfc7b59c5c", "d2a372c4fc", "rtl8192se-firmware: fix package build";
"2a17ff6faa", "240137a744", "mt76: update to the latest version, fixes a SMPS handling issue";
"6f26f48608", "c2ec43733a", "mt76: update to latest version, adds survey support for mt76x2";
"892caed120", "8e70655f35", "mt76: update to the latest version, fixes a monitor mode injection crash";
"b64a4f66e8", "cf6d9d97fb", "kernel: rename B53 symbols to avoid upstream kernel conflict";
"84394136ee", "65a22d84ad", "kernel: backport bgmac changes from net-next";
"3259bc24af", "4bd0edba1e", "kernel: rename bgmac patches that went into the same kernel";
"0a49be215b", "df2889c709", "packages: fix bmp085-spi typo";
"689317c5cc", "          ", "kernel: add missing symbols for 4.4";
"217abe87ce", "          ", "packages: add virtio-pci and virtio-mmio packages, fix 9pnet dependencies";
"8bdbf41791", "84d489f64f", "kernel: update to version 4.4.14";
"fa936d2099", "          ", "mediatek: convert the NAND target to UBI";
"ff159b733c", "bd657ec9ac", "mediatek: remove modules from Kernel config";
"5fa16053e3", "d09f0045ea", "ramips: fix up switch settings for Sitecom WL-351 v1 002";
"64032d56b3", "2dc9beddc0", "ramips: disable the WP pin on the SDK mmc driver";
"b48b0cffc9", "81add8f753", "ramips: fix pinmux typo";
"605dcfba31", "0a0caa2656", "ramips: set correct LAN/WAN MAC addresses on DIR-860L B1";
"d55cbdcc86", "fa9811814a", "ramips: fix fixseama call on first boot";
"14dc8ede0b", "6f61990d15", "ramips: add i2s clocks";
"78d773a788", "921d782eb7", "ramips: update i2s dtsi files";
"73b563e949", "9ff8928bb9", "ramips: improve i2s drivers";
"f915f9b8b4", "42bbe28cf1", "ramips: add i2c clock";
"751212a809", "011ce1fad6", "ramips: update i2c dtsi files";
"13e25117a3", "ad76366d7d", "kernel: refresh patches";
"bc966e891d", "67475b0e31", "kernel: backport cosmetic ubifs patch";
"54a7bbf9d0", "bf89f5404b", "sunxi: remove NAMESPACES config symbols";
"a014b3912c", "93d5629a27", "modules: add BMP085 pressure sensor";
"a401213229", "719fd09d91", "tools: build msdostools for omap";
"ea069db400", "93276a351c", "omap: remove NAMESPACES config symbols";
"71de101f6d", "0dbd0b9ecd", "omap: remove XFRM config symbols";
"a1e7166ae5", "abf23d70ac", "omap: remove config symbol W1";
"bbc2aed5f1", "9efbf58360", "omap: switch to 4.4";
"83a87cf269", "21738fe01e", "omap: remove BMP085 symbol";
"3f486af5d5", "297142464a", "kernel/spi: add kernel package for spi-omap-24xx";
"a244a11be9", "49cf356710", "kernel: add random-omap rng for omap";
"94c6e7eded", "ac765cfdc8", "zynq: remove unneeded _DIAG and _XFRM symbols";
"128f2fff20", "8f6df9465e", "sunxi: remove XFRM_ config symbols";
"61473c54dd", "34a3ec9c63", "modules: add missing module to ipsec description";
"3b0bfeac5c", "ff4a804669", "octeon: fix image build";
"1cd953840a", "f77a56d18a", "octeon: export the FILESYSTEMS variable during image generation";
"93a03a3dad", "7992633e63", "octeon: Ignore MEM boot param when too small";
"59d6be20e2", "e030c31e35", "octeon: convert to new image building code";
"17870edd26", "f532191c1c", "cns3xxx: fix RX softIRQ loop";
"784bd18690", "86a2702a00", "libnetfilter_queue: fix checksum computation";
"39e0bd76b5", "7e08f2ccbd", "mtd: support -c (datasize) option for fixseama command";
"80763b33dc", "1aca291214", "kernel: mtdsplit: calculate kernel partition precisely for Seama";
"dacbc34e6a", "f966ea2f49", "firmware-utils: oseama: support extracting entity";
"0e4fad39ae", "399d214d05", "oseama: support extracting entity";
"0a550a1e01", "a95d64a269", "brcm63xx: simplify block size and image offset options";
"44d646e4c5", "13253fbcbd", "brcm63xx: add sysupgrade images";
"cf61ca6d69", "d61d82e3d3", "brcm63xx: merge DSL-274X-F1 profiles";
"0a0b7425da", "a89f5e795a", "brcm63xx: move the bootargs into the dtb files";
"1f6462e778", "80403e4558", "brcm63xx: use upstreamed compatible name for the periph intc";
"56f7034b80", "29444e4754", "brcm63xx: fix external IRQs";
"543b3bc33a", "6b5f6d6601", "brcm63xx: fix single profile selection";
"0c81a3297b", "98d418e05f", "brcm63xx: improve image/Makefile";
"773476cf7b", "a0ea3eab63", "brcm63xx: fix typo image/Makefile";
"fed74f37dd", "532c3f3218", "brcm63xx: add initial support for Netgear EVG2000";
"22b64744a5", "a529b41cff", "brcm63xx: set DSL-274XB-F1 ath9k LED as active high";
"dbcf59f79c", "85a0a908e3", "brcm63xx: set HG556a A/B ath9k LED as active high";
"3b0e46318f", "7807c7e867", "brcm63xx: add support for inverting ath9k LED polarity";
"35228f63b3", "c69903473b", "brcm63xx: move profiles definitions to image/Makefile";
"f3788b0863", "2dc7f99662", "brcm63xx: refresh kernel patches and config";
"5cf4ef4d86", "23273044a8", "brcm63xx: switch to linux 4.4";
"b65b434919", "794383b801", "brcm63xx: fix F@ST2704V2 image generation";
"5e636fc237", "a180f90518", "bcm53xx: backport BCM5301X patches for SRAB";
"7567f6d70d", "776b24d9aa", "bcm53xx: properly support sysupgrade using Seama on NAND devices";
"eab2b26fc4", "b3be33f135", "bcm53xx: use uncompressed zImages";
"c3c56f0fc5", "489efcfd62", "bcm53xx: refresh kernel config";
"32505e0db8", "489efcfd62", "bcm53xx: refresh kernel config";
"20f8925e01", "cb0de9a68e", "bcm53xx: sysupgrade: move TRX specific code to separated function";
"c75a18ae2f", "1f86257c2f", "bcm53xx: pass datasize to mtd in hexadecimal format";
"cc5a0d09ee", "c40e96d133", "bcm53xx: fix partition typos in 09_fix_crc";
"2d74fcb9c4", "95d8568cb8", "bcm53xx: calculate TRX CRC32 using whole kernel partition";
"d86876d671", "647e6379af", "kernel: add missing config symbols for 4.4";
"4b5714bfba", "e8bc0834e7", "scripts/ipkg-build: fix deprecated GZIP environment variable warning";
"f72b96b11e", "febc6cc5bf", "x86: lift generic x86-32 target";
"d62d57ee60", "6c2fc113f3", "x86: reorganize x86_32 support";
"102a719727", "699f7ecd15", "x86: use sysfs DMI information to populate sysinfo";
"03b3459267", "b8b23e0e64", "x86: enable DMI and DMI_SYSFS";
"a1149f8491", "1012701014", "x86: generalize partition discovery for sysupgrade";
"502285aff0", "0fd183c155", "x86_64: enable mmc to support booting off sd";
"a6e2b265d1", "83049ed944", "kernel: Build it87 hardware monitor module";
"effa5a628b", "018807ded3", "x86/xen_domu: enable xen drivers in the kernel config instead of packaging them as modules";
"bd42a4cce1", "303a241478", "x86: enable grub at_keyboard support for x86_64";
"768e546b34", "7d7fb75df5", "x86: remove the kvm_guest subtarget";
"e8ae2da9ea", "959bc143a0", "x86/64: add more hardware RNG drivers, including for virtio";
"bb78ff31b4", "167404ceb5", "x86/64: enable virtualization support for spinlocks to improve kvm performance";
"64de7165e5", "34fdfbf328", "lantiq: Slow down SPI flash on the DGN3500";
"f80f387576", "84b3d92180", "lantiq: make EASY80920 work with both chip versions";
"4c43960fea", "7f5b8cc376", "lantiq: use new partition layout for EASY80920NAND";
"55ae32b88e", "8bfa230e9f", "lantiq: build fullimage.img for EASY80920NAND";
"3ce3c1d756", "ecdfbeae85", "lantiq: remove patch adding support for building without reset controller";
"5e9b0633db", "7df43d88ec", "lantiq: fix typo in new image generation";
"4803354e87", "32012decc3", "lantiq: fix build of NAND sysupgrade images";
"459779dbb7", "ac1cc30cdf", "lantiq: ltq-atm: fix xrx200 depends";
"25407a7743", "982108f7e5", "lantiq: clean up / fix LegacyDevice template handling";
"2ae96f95d0", "f4c59a204e", "lantiq: get rid of ifneq() checks inside command templates";
"59c662b6ec", "9a0381f969", "lantiq: small fix for legacy profile builds";
"83f7442dcc", "a6f7536a73", "lantiq: convert remaining legacy targets to the new image generation code";
"e8d29847da", "a285f1895b", "Revert ""lantiq: Use correct macaddr generating logic for the DGN3500""";
"ae35aeb34d", "3a75777e86", "lantiq: refresh patches";
"ae51a12559", "9233db23f3", "lantiq: the io space was still not big enough for UHCI";
"a9e0a04a51", "88019c6c77", "lantiq: add ARV4525PW wifi led";
"f513572f05", "90c48dd49d", "lantiq: fix VG3503J loader generation";
"fba0826f52", "d5666b98fa", "lantiq: fix fritz7320 wifi support";
"cc5e2100b4", "98d00c35e3", "lantiq: fix io_space_limit";
"d4054a9766", "d57990e071", "lantiq: fix ARV452CQW button gpio setup";
"f9fc166696", "d5143a49b7", "lantiq: add AVM image mageic to sysupgrade script";
"1520c5ac95", "abc346db0e", "package/lantiq: make lantiq kernel modules work with xway_legacy";
"f99a37fae3", "239ad94165", "lantiq: add xway_legacy target";
"9558c1344b", "2ae06f3013", "lantiq: gpio-export fails to build if GPIO_SYSFS is not enabled";
"6dc517dd7d", "bf007a480a", "lantiq: Add Support for Fritz!Box 7360 SL";
"d52c978502", "b50b0cff2d", "lantiq: use new property name for eiu irqs";
"9f716901fa", "d61af50cf3", "lantiq: fix a regression in the eiu irq loading code";
"bb7bcc20eb", "027da34957", "lantiq: add default lan setup to board.d script";
"6111da6a43", "c536da365b", "lantiq: add VLAN handling fixes to xrx200 ethernet driver";
"f16de57d4b", "172eebbd28", "lantiq: fold 0400-xrx200-net-multi-phy.patch into 0025-NET-MIPS-lantiq-adds-xrx200-net.patch";
"9134f3fe16", "1da87516e5", "lantiq: change xrx200 ethernet driver WRED signal to global to fix spurious packet loss issues";
"c095c709d7", "704965d93f", "uboot-envtools: add config for WBMR300 (lantiq)";
"fa6730fcf2", "69c99a423a", "lantiq: enable swconfig LED support";
"c6a3553eb4", "2d48f93ff4", "lantiq: add Buffalo WBMR-300HPD support";
"13259c833e", "57343b210a", "uboot-lantiq: get rid of bogus profile dependencies";
"4663d8deb2", "97e3d10df9", "lantiq: fix image DEVICE_DTS handling, add proper default value";
"329c3215bb", "821ccd2b36", "lantiq: only call Image/Prepare/Profile for defined profiles";
"bc04f97963", "ba42c1db41", "lantiq: un-macro the image building code";
"f002934064", "1616bb2a7d", "lantiq/image: move tplink specific image into own file";
"46691b805d", "aa930ba3dd", "lantiq: unmacro tp-link boards";
"e8b6bd2155", "b2b917cd06", "lantiq: do not build images which exceed the flash size";
"0a9f38aafc", "ecf10d3796", "uboot-lantiq: vrx200 - lzma compress gphy firmware";
"f628119081", "8df4eb0b9b", "uboot-lantiq: vrx200 - add support for dual nor flash";
"fb96e64ecd", "9e8edcff99", "uboot-lantiq: VGV7510KW22 - cleanup board config";
"55b7ffb6c0", "a42e84b2db", "lantiq: fix regression in VG3503J.dts";
"b1f6c1e55a", "abfdddfb3c", "lantiq: VG3503J - use the 11G firmware";
"ea6f139740", "9d0608eef3", "lantiq: VG3503J - merge profiles";
"add9b508c0", "cc3bfdb62f", "lantiq: enable SMP for XRX200";
"969e527bbe", "8333a6d0ba", "lantiq: Reduce ugliness of ugly hack";
"82cca2e530", "cc87d144e1", "lantiq: refresh xrx200 kernel config";
"393ef18a1d", "2cf67832ec", "lantiq: remove dummy ltq_machine_power_off to fix gpio-poweroff drivers";
"4554995c4d", "96ad827e17", "lantiq: fix segfault inside ltq-adsl-app";
"41a12f9612", "8b321d45be", "lantiq: Fix macaddr-setting code on DGN3500 and possibly other devices";
"edb6897598", "492964e741", "lantiq: Use correct macaddr generating logic for the DGN3500";
"c18cbbde4f", "e8780b643b", "lantiq: Use the correct SPI flash speed for the Netgear DGN3500";
"50f36b2c4b", "db66b157db", "lantiq: VGV7510KW22 - enable the IP101A phy";
"e7fd5962d8", "4d5db712e3", "lantiq: VGV7510KW22 - fix pinmux configuration";
"1e9b6904a8", "b0a202ebdc", "uboot-lantiq: Add Arcadyan VGV7519 support";
"1ea639b8d0", "          ", "lantiq: VGV7519 update bomb";
"f2b0bc17b2", "f778cdd9c9", "lantiq: fix ARV4518PWR01 network";
"e71983fca5", "e81acacaa3", "uboot-lantiq: ARV752DPW - use correct switch driver";
"e496316324", "a22feb4c78", "uboot-lantiq: VGV7510KW22 - use ddr ram params from brnboot";
"2b3bd24865", "21bdd79b33", "lantiq: disable phy led complex (test) functions by default";
"2d69405047", "311faaa1bd", "lantiq: move ubi/ubifs options to the image makefile";
"20751d1f62", "4e0a533f60", "hostapd: fix breakage with non-nl80211 drivers";
"2fab872ba6", "e2a9c638e7", "hostapd: fix compilation error in wext backend";
"6393b9007a", "ef74d5cbf8", "hostapd: implement fallback for incomplete survey data";
"85e8cd3593", "13b44abcff", "hostapd: update to version 2016-06-15";
"cd7ae753de", "b67af71181", "hostapd: Update to version 2016-05-05";
"a6920cf21e", "e2d2b136b3", "e2fsprogs: Bump to v1.43.1";
"6d23a930b4", "819cf75c40", "tools: e2fsprogs: bump to 1.43.1";
"5f838bf1f8", "b67066b8fa", "ar71xx: hiwifi-hc6361: lift size limit on kernel and rootfs parts";
"dafbd7fdb8", "6e0eccc5aa", "tools/firmware-utils: Add Archer C50 to mktplinkfw2";
"e1038d39bd", "5fba0f0c0c", "ramips: add suport for ZBT APE522II";
"6163bef2dd", "81913e4996", "ramips: remove duplicate i2c dts info";
"430f86eff1", "d8202a8409", "ramips: update i2c drivers";
"140099a4e6", "5550d98015", "ramips: fix kmod-sound-mt7620 packaging";
"6c67d1c081", "01fb393c67", "ramips/image: Add Archer C50 to mt7620 Makefile";
"850993467c", "75af981239", "ramips/base-files: Add support for Archer C50";
"580b518fae", "1c00c09eb6", "ramips/dts: Add support for Archer C50";
"59ce620757", "9a4935687d", "ramips: add support for DuZun DM06";
"621cbbc163", "49b7421836", "ramips: enable wm8960 kernel menuconfig select option";
"963cf40f88", "f36d624d88", "ramips: add gdma hsdma dts info";
"89c6496915", "f6fc591561", "ramips: enhance dma engine support";
"7ec8f901a6", "b232669d45", "ramips: fix Netgear EX2700 images";
"2f3df65a63", "29b412b8c5", "ramips: add kmod-pwm-mediatek for mt7628/mt7688";
"58648bec39", "604b92dbd0", "ramips: fix the number of uarts for each SoC";
"e3c841de2c", "243e79e10c", "ramips: fix Mi Wi-Fi Nano Wireless LED pinmux";
"0e99115485", "b38296f2f6", "ramips: add Widora-NEO board support";
"3dd66d0eec", "b232669d45", "ramips: fix Netgear EX2700 images";
"a7ccb5a1b3", "b232669d45", "ramips: fix Netgear EX2700 images";
"e50af47fcd", "2a57a54d49", "ramips: add backported MT7628 pinmux fixes";
"f46657208c", "af1e70b4a7", "ramips: Add status led for Xiaomi MiWiFi Nano";
"05daba8e2e", "bf6634339a", "ramips: fix timing issues when using MT7621 spi";
"fa132c2a36", "c7efbd7dbb", "ramips: Add specific compatible properties for esw";
"cae16a2a6f", "2965430999", "ramips: cleanup for Hame MPR-A2";
"c3e13e30a2", "5166732a4e", "ramips: use green power LED as status indicator for Buffalo WSR-1166 and WSR-600";
"943fd551f8", "82dcbec727", "ramips: remove fake vlan rx offload from ethernet driver";
"4d42b15003", "638d509817", "ramips: fix pinctrl regression";
"8311c3838a", "29db5cae43", "ramips: fix spidev generic nodes";
"93da3f4281", "021c893658", "ramips: fix size-cells on spi nodes";
"77da98d12f", "2a6b899589", "ramips: fix 8M WT3020 image creation";
"39fa05183a", "1d9c0b2409", "ramips: fix ArcherC20i image creation - 3rd try";
"0fe90e5536", "ce009d16a1", "ramips: fix Archer C20i image build";
"3754b740d8", "5d0eff9801", "ramips: set default profile to priority 1";
"decf892a71", "7697aced24", "ramips: fix ArcherC20i image creation";
"64002d6925", "27dfe64887", "ramips/mt7621: remove cflags override";
"82bf6bf05f", "20b069c440", "ramips: disable unused ethernet ports on VoCore";
"6ca6a709c2", "7fab5dc486", "ramips: fix indentation of Build/* template commands";
"fb62f314ca", "f10d2bb6d3", "ramips: add wmac nodes to all mt7628/88 dts files";
"84cfcafd6c", "8c9b8d70b1", "ramips: add status led for ZBT-WE826";
"15458e85bc", "          ", "ramips: convert a bunch of targets to new image building code";
"51a5c32295", "e885286834", "target: globally remove ARCH_PACKAGES overrides";
"2bf6b1e78a", "ffaaa6788a", "ramips: DTS modifications";
"3059f411b4", "374cae9e6f", "ramips: add initial support for SamKnows SK-WB8";
"2d3542e1c9", "9195d8da35", "ramips: DTS rework";
"7df842e2d1", "          ", "scripts: add dirtyhack to getver.sh";
"f82831818b", "955c341d3b", "fw-utils/tplink-safeloader.c: Add support for Archer C2600";
"4bba860ab8", "7eb1a7e956", "include/image.mk: move build step tplink-safeloader to image.mk";
"346dd73560", "          ", "ipq806x: bump to 4.4";
"7468909bd2", "          ", "scripts/getver.sh: generate revision relative to the trunk tag.";
"527aa5f3b2", "184087f4f1", "ipq806x: enable ieee80211 phy hotplug and patch macaddress";
"cfe551285f", "776613eeba", "ipq806x: Fix typo in Qualcomm device names";
"b5245ba456", "823242185b", "ipq806x: add initial support for Netgear R7800";
"b853573993", "9bf3ddcb2a", "ipq806x: move ath10k firmware selection into device profiles";
"4ffe9d30b5", "4cd67a4f21", "ipq806x: move smb208 nodes into a regulator subnode";
"271820d4cd", "66ffd0ddf9", "ipq806x: fix MAC_POWER_SEL switch configuration";
"cdb3053a3a", "0ddcbee261", "ipq806x: activate ATAG DTB mangle and EA8500 rootblock in dts";
"422c5fb53e", "14e2f4f6d1", "ipq806x: add missing kernel config symbol";
"6c6c1e852e", "9361285a41", "ipq806x: restore old stmmac dma patch which is still needed to fix data corruption";
"8791bebf95", "8cc65914df", "ipq806x: move dts file to the files folder";
"476853a27d", "3d067c0132", "ipq806x: base-files: add support for Linksys EA8500";
"56319a0e3c", "2adc6468bf", "ipq806x: build Linksys EA8500 images";
"880fddf86b", "          ", "ipq806x: update bomb";
"993ba6b109", "e1041e1bc0", "ipq806x: enable fpu";
"6c5cec4e46", "          ", "realview: sync kernel config file, update to 4.4";
"049490fc53", "f6c3f830a0", "oxnas: install kernel binaries into bin/ for use with external storage";
"e2fab81661", "1b48152a63", "oxnas: remove unneeded _DIAG symbols";
"c6c0c05c43", "c43635bc5c", "oxnas: sync 010-arm_introduce-dma-fiq-irq-broadcast with cns3xxx";
"5fdc19893e", "055d8d9c61", "oxnas: move target-specific modules into target's modules.mk";
"d22dcaa691", "70eb03469f", "oxnas: reorganize image build code and nuke profiles";
"441a9c879b", "69b45d2223", "ixp4xx: fix Avila SoC audio driver compilation";
"5ce87f5de3", "2ce19c0c1f", "ixp4xx: Add support for 4.4 kernel, refresh patches";
"07796c512f", "0a3d721465", "ath25: drop target specific button hotplug";
"fe52bf43d8", "          ", "brcm2708: update bomb";
"8342e1f663", "7df1964180", "brcm2708: removes backported patch (linux-4.4.7)";
"14bcd15fc5", "2b4e5d478b", "kernel: remove a hack that was obsoleted upstream";
"3b71a8996a", "0aa6c7df60", "kernel: update kernel 4.4 to version 4.4.13";
"660ec23512", "33d9d6c375", "kernel: add workaround to rebuild vdso-n32.so.dbg too";
"c87080ee05", "f89a20a89a", "ath25: update kernel from 3.18 to 4.4";
"6d853e81c8", "          ", "mac80211: remove unneeded patch with updated mac80211";
"7a0f0eb1c7", "48ff6eff8c", "mac80211: add missing config symbols to PKG_CONFIG_DEPENDS";
"b3d5688efc", "24270e9493", "mac80211: fix unaligned accesses in the tx path";
"4b13ab4241", "34b05087f7", "mac80211: fix a module build/dependency issue that was breaking lib80211";
"080fabb5c7", "          ", "add plan 9 fs support";
"22846a6072", "e30608b736", "iw: refresh patches";
"44713c22f8", "df93d53a4b", "mac80211: update to wireless-testing 2016-05-12";
"35bfff92f8", "6259583ef3", "mt76: fix rebuild on CONFIG_PACKAGE_MAC80211_MESH changes";
"a807c0e9bd", "5b64e3532a", "mt76: update to the latest version";
"8a2689d533", "941fc5e8c8", "global: introduce ALL_NONSHARED symbol";
"61d1d288b9", "63cb2fb88d", "brcm2708: properly detect the Raspberry Pi Zero";
"165abaf3bc", "525b311bf8", "brcm2708: update linux 4.4 patches to latest version";
"1c225aa2bf", "          ", "brcm2708-gpu-fw: update to latest version, backport changes";
"b6baab7f56", "          ", "brcm2708: fix build error introduced with SUBTARGET checks";
"9cc73342cd", "cf58007abc", "bcm2708: explicitly check for SUBTARGET instead of using the device SUBTARGETS variable";
"ee36cbc6b2", "867c0cb237", "kernel/mac80211: skip ath10k OTP check if caldata found";
"25cee375fb", "040ebe2473", "ath10k-ct: Update to latest 10.4.3 CT firmware for 9980 chipsets.";
"f11db7026a", "233ec51217", "ath10k-firmware: add QCA9984 firmware";
"870864d628", "bbbe9932e3", "ar71xx: WDR4300: Fixed default VLAN order";
"51d20b495f", "f869ffdd62", "ar71xx: mach-ubnt-xm.c convert patches to mach file";
"fca52fb7f3", "1beb5bec64", "ar71xx: enable flow control for ethernet MACs with built-in switch";
"bebdc8766a", "e61fe4e4d7", "ar71xx: add support for OpenEmbed SOM9331";
"1d3853d41f", "4c5a49031e", "ar71xx: convert OM2P to device profile";
"4d67ebf8c5", "ec86d2a605", "ar71xx: enable profile sorting in preparation for adding device profiles";
"ab69c109ab", "563e9d5e1b", "ar71xx: add WRTnode2Q support";
"05300082b5", "56b377304e", "ath10k: support CT firmware choices.";
"299c437ccd", "          ", "ar71xx: update bomb";
"906ce8b22a", "          ", "package: ath10k-firmware: fix board-2.bin download URL";
"59619ccbd3", "76d8f6c41f", "usbutils: Use github alias";
"429456e441", "31293752c8", "mdns: update to latest git HEAD";
"0e84de39c3", "2c83003143", "kernel: fix unaligned access issue in the bridge multicast-to-unicast patch";
"1fdc2c21c3", "9d37095fd0", "ar71xx: fix a remaining unaligned access issue";
"9cb35e0499", "94e23bf740", "ar71xx/cpe510: enable LNA for CPE210/220/510/520";
"0a1b163954", "23a1fa07db", "libusb: disable parallel building";
"3a625865a1", "ce21e18d57", "kernel: fix a compiler warning on 64 bit systems";
"258941a61e", "4d29474e26", "target.mk: add cflags for mips 1004kc cpu type";
"a194e83f16", "424a94d81a", "brcm2708: convert to the new building system";
"e95f2e2f72", "46b79085b6", "busybox: fix issues with the ip command on mips64";
"e5cbcbe736", "b04a25491f", "package: flag further target specific packages as nonshared";
"557ecbebe7", "69ccef03f9", "package: mark nvram and otrx nonshared as they're target specific";
"6943b86e60", "f7a2237b86", "at91: fix SAMA5D3 subtarget";
"fca949b897", "4260d11e8b", "openvpn: update to 2.3.11";
"bb5a6118b8", "20c608db0a", "openvpn: add support for tls-version-min";
"d6255e751e", "04cb722e9f", "openvpn: remove unrecognized option";
"a115fe6629", "34b6c8b075", "iperf: Drop single-threaded variant";
"9a0c2f5bc3", "b4a23f83f9", "iperf: Upgrade to version 2.0.8";
"295a2e6ec6", "          ", "cyassl/wolfssl: fix commit";
"8adfc58718", "de27a1adae", "cyassl/wolfssl: update to 3.9.0";
"6f91f30f9f", "f8abb68e3a", "tools/cmake: bump to 3.5.2";
"31f176f567", "b4c286fa89", "nettle: update to 3.2";
"1383e6058d", "a6e96998fb", "dnsmasq: update to dnsmasq v2.76";
"3b251c9783", "2aa818a0bb", "kernel: add missing symbol";
"1e284e87c9", "6aebc6b16b", "curl: update to 7.49";
"1d31c0d633", "          ", "mediatek: drop some mail changes as they don't apply cleanly";
"aad6cb767f", "b8a129638e", "kernel: add back the macronix software protection disable patch";
"ce1cb93b20", "21208f5d43", "linux/generic: add missing config symbols";
"9d81678ab0", "a105eac4dd", "kernel: update kernel 4.4 to version 4.4.12";
"2dc1e11c68", "          ", "As usual these patches were extracted from the raspberry pi repo: https://github.com/raspberrypi/linux/tree/rpi-4.4.y";
"14cd93c1ec", "3bc90f9626", "ramips: use backported upstream patches";
"c42275ffcb", "1205e9a781", "mediatek: more nand fixes";
"8d85621b86", "7d67f79cb5", "mediatek: more mtd fixes";
"bec4227577", "1eac53ba92", "mediatek: update mtd backport";
"97f10c21d2", "f5f173e2b7", "mediatek: update patches";
"2f4fbf7a56", "7a67b0e362", "ar71xx: update to linux 4.4";
"8361769e4c", "c4664b0f91", "kernel: update kernel 4.4 to version 4.4.11";
"0d2e17d445", "          ", "brcm2708: rename patch";
"e2b1e76090", "fad8bdfa40", "kernel: backport patches improving fq_codel drop behavior";
"ebda33f564", "26c137621f", "kernel: remove out-of-tree patches for reducing qdisc truesize";
"a4ac32b1db", "e288e1bd32", "kernel: fq_codel match flows_cnt to limit sizing";
"ee57ff57f1", "75b069f505", "kernel: fold codel default fix into main patch";
"d354aaa58d", "8307c2fe68", "ar71xx: Add support for Ubiquiti UniFi AP AC PRO";
"58d97c7733", "c855e70491", "ar71xx: Rename unifiac to unifiac-lite";
"49ffc6be5b", "98204836a4", "ar71xx: fix register address calculation for DDR flushing";
"aba231a293", "40f08abecf", "ar71xx: fix typo in pci memory window initialization fix";
"68534834cc", "d4e552ba16", "kernel: fix yaffs2 build with kernel 4.4";
"68cf2690a0", "5521651863", "ar71xx: typo in jjplus profile";
"53244ed84b", "9c556fe73e", "ar71xx: register the gpio driver earlier";
"14decebc0f", "313474e693", "ar71xx: fix a PCI initialization issue in Linux 4.4";
"b9cde0722a", "5b34dffcbd", "ar71xx: fix DDR write buffer flushing issues with 4.4";
"d42ccc9f28", "0b45bec22c", "ar71xx: add support for TP-LINK TL-WR842N/ND v3";
"1817b15e04", "cc831e23e1", "ar71xx: add proper support for Archer-C7 V2";
"dab952f573", "bceafad7c2", "kernel: add missing config symbol";
"8510ac1152", "b40c22630f", "e2fsprogs: update to 1.42.13";
"ab8c13df13", "f816472f78", "ar71xx: Fix TP-LINK Archer-C5/C7 v2 rfkill";
"d20326f240", "26898d2a7f", "fstools: update to latest git revision";
"ad04fcb11c", "1c61b21489", "dropbear: update to 2016.73";
"444a62b67b", "c5bbb55bab", "toolchain/gdb: Use correct folder name for ARC patches";
"b4d8d652a3", "1f0a9715d2", "package/devel/gdb-arc: Add target GDB for ARC";
"49a74031a1", "668dbec3f4", "arc: Build uImage as well as vmlinux output files";
"d44ce810e4", "d354bfde17", "toolchain: Bump ARC tools to arc-2016.03";
"870678baa7", "          ", "target: socfpga: Add support for QSPI NOR boot";
"8864b97350", "          ", "package: kernel: dtc: Add DTO support";
"96aff9c986", "          ", "package: kernel: dtc: Add device tree compiler package";
"730caf6eb9", "          ", "Update the U-Boot package to upstream 2016.05 version. This version improves overall performance of the platform, since it fixes cache problems that prevented the cache from operating fully in previous releases.";
"438cf654cb", "e32b2f92b1", "kernel: update kernel 4.4 to version 4.4.10";
"27b55520a4", "b062266ad6", "kernel: update kernel 4.4 to version 4.4.9";
"4208ce821a", "3faf65e928", "kernel: update kernel 4.4 to version 4.4.8";
"602bafecdb", "a8d4d71c41", "brcm2708: update to latest version";
"917c0ff333", "          ", "rpcd: update to latest version with iwinfo fix";
"d7863315dd", "          ", "iw: backport support for ""channels"" command";
"1103559e53", "          ", "mac80211: brcmfmac: backport changes from 2016-06-16";
"99cd168573", "          ", "mac80211: brcmfmac: fix support for BCM4366";
"39af6a3f3e", "          ", "mac80211: brcmfmac: add support for get_channel";
"20c515d82a", "          ", "mac80211: brcmfmac: fix support for up to 4 AP interfaces";
"b98da4b623", "          ", "mac80211: brcmfmac: backport fixes for 4.7 and 4.8";
"5f8010ad9b", "          ", "treewide: fix replace nbd@openwrt.org with nbd@nbd.name";
"a807b458a8", "01714243b9", "bcm53xx: drop Copyright header from two of my bash scripts";
"e53059a8dc", "          ", "base-files: fix permissions of the login.sh script";
"d82186f7bf", "          ", "include: drop unused kernel 4.3 versions";
"3907a8c0b2", "e042e0d50f", "kernel: remove linux 4.3 config";
"88d875f604", "cf3da7d204", "Revert ""ncurses: package the tinfo library separately""";
"bdc885709e", "b9afc86b5c", "mtd: imagetag: fix compilation with changed mtd_fixtrx call";
"aa16759d3d", "          ", "krikwood: Make Iconnect image use new ubi format style";
"657b605b3d", "          ", "kirkwood: Migrate Iconnect to new ubi image format";
"e62f65223f", "          ", "uboot-kirkwood: New ubi flash format for Iconnect";
"9ccd1da444", "          ", "target: socfpga: Add Altera SoCFPGA support";
"c3d9ae93fd", "          ", "package: kernel: Enable support for DWC2 USB on SoCFPGA";
"8cdb6e0df9", "          ", "package: kernel: modules: Add USB Mass Storage package";
"546a55d2ca", "          ", "package: kernel: modules: Enable Dual-Role support for DWC2 USB";
"93c4489fa2", "86777a40e9", "gettext-full: avoid spurious dependencies on ncurses";
"c9f9d0e3ad", "975f7160dd", "ncurses: package the tinfo library separately";
"151b870847", "f6059cc118", "ramips: fix DTB generation";
"2ca92c41fe", "fda951c443", "iftop: Update to latest version, and drop patch";
"9315990718", "b01f296f4f", "ncurses: provide libncurses compatibility symlinks in libncursesw";
"5b3f700399", "f8b6c9d825", "ramips: Change all '/include/' clauses to '#include' so preprocessing can be done properly for the entire device trees.";
"f108f4ef24", "600c224213", "ramips: Add hex prefix (0x) to dtsi reg properties where needed.";
"6950b97666", "b8f73d7f0a", "ramips: introduce serial0 aliases";
"aeccfb0f63", "a4571b7631", "ubox: make logging code honour the hostname properly";
"8248da4d74", "c3cf3c4ec4", "brcm47xx: fix wgt634u port assignment, broken since openwrt r47866";
"391b50e4bc", "823c58a1cf", "ramips: mt7620: [UPSTREAM] fix USB frequency scaling";
"21e9ab7e0d", "1570277094", "ramips: Fix alphabetical sorting for 02_network";
"638a058c12", "39f035fdc7", "ramips: Don't use a VLAN for the single ethernet port of the A5-V11.";
"ac17992f9c", "ffb7bf7672", "ramips: Fix network for routers without VLANs on eth0.";
"6bfbf28369", "dd16b7748d", "ncurses: install pkg-config files to fix util-linux build breakage";
"949d8ed779", "5071fb27b9", "ncurses: remove libncurses, provide it via libncursesw";
"78308aadbc", "4a3348ef09", "metadata.pl: add support for selecting packages available only via PROVIDES";
"f433a43aac", "91f205acaf", "kernel: add workaround to rebuild vdso-o32.so.dbg";
"a5759c23f3", "3339f14e84", "toolchain: gcc: fix build with GCC 6";
"1789e4cde0", "c7e2a89a4d", "tools: mkimage: sync include/linux/compiler*.h with u-boot master";
"260814a86a", "741aa2a816", "tools: pkg-config: fix build with GCC 6";
"7dc72ab84f", "9ec4ca525c", "tools: make-ext4fs: fix build regression on mac os x";
"535a2648b2", "9b9c78e071", "base-files: evaluate uci-defaults on run-time installations";
"32de2e4468", "a2b555189b", "libiconv: add all ASCII aliases";
"ab0a61efa2", "6a06cd8331", "xtables-addons: Avoid redefinition of SHRT_MAX in lua packet script";
"8d4d609a51", "33de8c77e2", "fstools: fix snapshot support";
"d6b90a3a33", "c9e3cd798d", "fstools: update to latest git HEAD";
"90eed29f03", "c9e3cd798d", "fstools: update to latest git HEAD";
"ef3113b1ef", "9eb155353a", "kernel: add a workaround to rebuild vdso.so.dbg after genvdso";
"18984188e8", "7545c1d96b", "dropbear: Make utmp and putuline support configurable via seperate config options";
"6ef5c78c0f", "a83f049b5b", "netifd: Add configurable DHCP release behavior";
"ff4f769d20", "312cb987f9", "xtables-addons: Fix Lua packet script implementation";
"091c856d04", "eb529d2625", "lantiq: fix xway image building";
"cc0d85b1b6", "ec5680a73d", "x86: remove old references to kmod-acpi-button";
"66ffd4817b", "a90ee92337", "kernel: fix ip6_tunnel compilation";
"66e6517d65", "528ffec3cd", "base-files: remove ununsed login.sh";
"bfdaaaa54f", "b4e33a1c08", "base-files: Allow to disable failsafe mode";
"0cb07cebed", "dc92917409", "image / basefiles: make console password configurable";
"1c93c65a36", "5e85ae9e4c", "base-files: fix error message during boot";
"7036eb32e7", "7322cca9fa", "scripts: metadata: add CONFIG_TARGET_SUBTARGET symbol";
"7553c7eec0", "5a7c064bdb", "busybox: fix setting the kernel timezone";
"bb1778b720", "81a5f1ac9e", "netifd: Send DHCP release when client exits";
"691f44e0dd", "564330e013", "netifd: fix default ip rules";
"cb7d4e0276", "924fb794bd", "x86: search PARTUUID in any block device";
"90d61fead4", "9f422eba7c", "x86: make sysupgrade work without partx";
"e894664b49", "df8ca9a5c4", "mtd: add -c option for specifying amount of data to be used for checksum";
"5a5787d877", "2dd125048d", "mtd: trx: use separated buffer for TRX header";
"0af265171b", "6de401b1f8", "mtd: seama: exit with error if Seama header wasn't found";
"23edb8ebe7", "06a3241c27", "mtd: seama: fix image data handling";
"ff752836fe", "30edc32888", "mtd: seama: move buf allocation to the MD5 function";
"a3546435e5", "1d628f0cbe", "mtd: seama: update MD5 using header in the first block buffer";
"49ec819bea", "bcccb03200", "mtd: seama: add md5 to header struct";
"4cf77698d6", "8632d89fa0", "mtd: check for Seama magic early when fixing MD5";
"db62181a7d", "320641585b", "mtd: add missing breaks in a switch";
"05a7b18c2e", "8a60a41951", "mtd: use tabs for indents";
"4d74bf39ae", "          ", "kernel: update kernel 4.1 to version 4.1.23";
"dbd05b0320", "f6adbdf3cd", "openssl: Update to version 1.0.2h";
"4d5daf0ef3", "40bfe9f0bd", "ramips: Drop hacky switch workaround for failsafe on rt3x5x and rt5350.";
"f238f71af1", "3f638902b6", "ramips: Disable all ethernet ports except port 0 on A5-V11.";
"0a2bd2abcf", "d5114b509b", "ramips: Disable all ethernet ports except port 4 on HT-TM02.";
"d24cb6bdfb", "12758e32d3", "ramips: Get rt3050 ethernet ports to be disabled from the device tree.";
"bd083bb79f", "e626d4f702", "ramips: Fix comment in rt3050 ethernet switch driver.";
"92659d1c8e", "e716fce5da", "ramips: Fix documentation for the rt3050 switch driver.";
"63da243b1c", "decd89c57f", "ramips: Fix multicast ICMPv6 for the rt3050 ethernet switch.";
"9b6296a968", "75629fb2a8", "ar71xx: add TP-Link TL-WR810N support";
"96f0ff7c93", "cbdfae5c04", "ubox: turn logd into a separate package";
"2e3c748d8a", "d4de9f72f3", "lantiq: VGV7510KW22BRN - set the phy clock source";
"f9151d154f", "44cace4dab", "lantiq: add device tree binding for the phy clock source";
"989f7773a6", "60ac485274", "lantiq: VGV7510KW22BRN - support dual-image";
"b55c724fd6", "d7438ce315", "lantiq: handle the dual-firmware layout of brnboot";
"2b17907b3e", "b7fc892eb5", "lantiq: move partitions into partion table node";
"1a9580c499", "b695ce2999", "lantiq: use sysupgrade.bin postfix for tplink images";
"a7ea2c9f5c", "5ed2140162", "lantiq: VG3503J - use the same PHY led functionality as the OEM firmware";
"7617b38904", "ba3ed629ea", "ar71xx: Fix eth0 support for Ubiquiti UniFi AP AC";
"6a99326b9e", "4a8e960c62", "base-files: fix group/user settings after sysupgrade";
"899f8d5c56", "ed07ef1601", "base-files: split user/group addition code into a function";
"f9a0e8448a", "ec9f6fe04d", "ppp: Add ppp-mod-passwordfd subpackage to ppp";
"e7c877c7fc", "ce9e5e16ff", "dnsmasq: Add conntrack support in the full variant";
"243887c478", "16122117a5", "dropbear: Add procd interface triggers when interface config is specified";
"98a9b0d65f", "b3f6c4b3ac", "iproute2: Add package for nstat utility";
"1be7626349", "b529387d8c", "lantiq: use the same functionality for all ethernet phys led";
"ec1c4a4ce0", "6249269322", "lantiq: fix minor typos in 11G/22F phy driver";
"51bb512b67", "6b0425a187", "ramips: add support for Planex MZK-EX750NP.";
"9241c0dd55", "d9a0a8c78f", "scripts: avoid hard-coded paths in scripts";
"ca78fd16b5", "9b9c78e071", "base-files: evaluate uci-defaults on run-time installations";
"5913038af1", "23596ca527", "mediatek: sync patches and add more ethernet stability fixes";
"bdbe2c8a7a", "cf3b3cfc56", "bcm53xx: add m25p80 workaround for SPI flash writing problems";
"1e22c9b9eb", "090b134786", "mediatek: sync and patches add support for several boards";
"cafe040bdd", "9e4d671f75", "bcm53xx: support SPI-NOR on dual flash devices";
"7092a08d77", "741715331a", "bcm53xx: switch to m25p80 and drop bcm53xxspiflash";
"933b47bd5c", "73d51d7b5d", "bcm53xx: support JEDEC incompatible w25q128 in spi-nor";
